nct_id,title,intervention_names,intervention_descriptions
NCT00324831,"GM-CSF With or Without Vaccine Therapy After Combination Chemotherapy and Rituximab as First-Line Therapy in Treating Patients With Stage II, Stage III, or Stage IV Diffuse Large B-Cell Lymphoma",autologous immunoglobulin idiotype-KLH conjugate vaccine; cyclophosphamide; doxorubicin hydrochloride; prednisone; rituximab; sargramostim; vincristine; Intervention/procedure; antibody therapy; biological therapy; chemotherapy; colony-stimulating factor therapy; cytokine therapy; monoclonal antibody therapy; non-specific immune-modulator therapy; therapeutic procedure; tumor cell derivative vaccine; vaccine therapy, |  |  |  |  |  |  |  |  |  |  |  |  |  |  |  |  | 
NCT05701527,A Study of EBC-129 in Advanced Solid Tumours,EBC-129; Pembrolizumab,"EBC-129 will be administered on Day 1 of each 21-Day cycle (Parts A, B, and C), and two doses starting from Day 1 for 21-day cycle and three doses starting from Day 1 for 28-day cycle (Part D) via a 30-120-minute intravenous (IV) fusion. | Pembrolizumab will be administered at the dose of 200 mg IV every 21 days."
NCT04309981,"Clinical Trial Using Humanized CART Directed Against BCMA (ARI0002h) in Patients With Relapsed/Refractory Multiple Myeloma to Proteasome Inhibitors, Immunomodulators and Anti-CD38 Antibody.",Adult differentiated autologous T-cells with anti-BCMA specificity,"After pretreatment, adult differentiated autologous T-cells with a chimeric antigen receptor with anti-BCMA specificity will be transfused."
NCT05245006,PET Imaging Study of 89Zr-DFO-YS5 in Men With Prostate Cancer,89Zr-DFO-YS5; YS5 antibody; Positron Emission Tomography (PET)/Computerized tomography (CT); Positron Emission Tomography (PET)/Magnetic Resonance Imaging (MRI),3 mCi will be administered intravenously | 20 or 50 mg administered intravenously | Imaging which combines a CT scan and a PET scan | Imaging which combines an MRI scan and a PET scan
NCT06809114,"FIH Study to Evaluate Safety, Tolerability, PK, PD & Preliminary Efficacy of AT03-65 With Advanced Solid Tumors",AT03-65,"Treatment will continue until disease progression, unacceptable toxicity, subject withdrawal of consent or death."
NCT07147348,"A First-in-human, Dose Escalation and Indication Expansion Study of BNT3212 as Monotherapy or in Combination With BNT327 in Adults With Advanced Solid Tumors",BNT3212; Pumitamig,Intravenous infusion | Intravenous infusion
NCT06034470,Combination Chemotherapy (FLAG-Ida) With Pivekimab Sunirine (PVEK) for the Treatment of Newly Diagnosed Adverse Risk Acute Myeloid Leukemia and Other High-Grade Myeloid Neoplasms,Biospecimen Collection; Bone Marrow Aspiration; Bone Marrow Biopsy; Cytarabine; Echocardiography; Fludarabine; Granulocyte Colony-Stimulating Factor; Idarubicin; Multigated Acquisition Scan; Pivekimab Sunirine,Undergo blood sample collection | Undergo bone marrow aspirate | Undergo bone marrow biopsy | Given IV | Undergo ECHO | Given IV | Given SC | Given IV | Undergo MUGA scan | Given IV
NCT03311828,Copper 64Cu-DOTA-Daratumumab Positron Emission Tomography in Diagnosing Patients With Relapsed Multiple Myeloma,Daratumumab; Imaging Agent; Positron Emission Tomography; Pharmacological Study,Given IV | Given Copper 64Cu-DOTA-daratumumab IV | Undergo PET | Correlative studies
NCT07299747,Clinical Trial of VBC103 in Patients With Advanced Malignant Solid Tumors,VBC103,VBC103
NCT05142189,"Clinical Trial Evaluating the Safety, Tolerability and Preliminary Efficacy of BNT116 Alone and in Combinations in Patients With Advanced Non-small Cell Lung Cancer",BNT116; Cemiplimab; Docetaxel; Carboplatin; Paclitaxel; BNT316; anti-B7-H3 antibody conjugated to topoisomerase I inhibitor; anti-HER3 antibody conjugated to topoisomerase I inhibitor; Bispecific antibody for PD-L1 and VEGF-A; Osimertinib; ALK-inhibitor or RET-inhibitor,Intravenous injection | Intravenous infusion | Intravenous infusion | Intravenous infusion | Intravenous infusion | Intravenous infusion | Intravenous infusion | Intravenous infusion | Intravenous infusion | Oral | Oral
NCT07402915,"Drug-drug Interaction Study With AZD5335 and Itraconazole in Participants With Ovarian, Primary Peritoneal, or Fallopian Tube Cancer",AZD5335; Itraconazole,AZD5335 will be administered as IV infusion. | Itraconazole capsule will be administered orally.
NCT07070232,"A Clinical Study to Test if an Investigational Treatment Called BNT326 is Safe and Potentially Beneficial When Used Alone or in Combination With Other Investigational Treatments Such as BNT327, for People With Advanced Malignant Tumors",BNT326; Pumitamig; Itraconazole; Paroxetine,Intravenous (IV) infusion | IV infusion | Oral administration | Oral administration
NCT02864368,Peptide Targets for Glioblastoma Against Novel Cytomegalovirus Antigens,5-day TMZ; 21-day TMZ; PEP-CMV: Component A; Tetanus-Diphtheria booster; Tetanus Pre-Conditioning; PEP-CMV: Component B,"Chemotherapy agent FDA approved to treat newly-diagnosed glioblastoma given as cycles of 150-200 mg/m\^2/day on days 1-5 of each 28 day cycle | Chemotherapy agent FDA approved to treat newly-diagnosed glioblastoma given as cycles of dose-intensified TMZ (75-100 mg/m2/day on days 1-21 of each 28 day cycle) | 500 µg of PEP-CMV Component A (a synthetic long peptide) mixed with Montanide ISA-51 intradermally administered | At time of enrollment, after signing consent and undergoing immune monitoring blood work, patients will receive Tetanus-diphtheria booster vaccination with 0.5 mL of Td (tetanus, diphtheria toxoid, absorbed) | All patients will receive a tetanus pre-conditioning injection in the right groin intradermally on day 22 (±1 day) of the first post-radiation cycle of TMZ | 500 µg of PEP-CMV Component B (a neutralizing antibody epitope from human CMV glycoprotein B conjugated to Keyhole Limpet Hemocyanin) mixed in 150 µg of GM-CSF intradermally administered"
NCT06210815,A Study of HLX42 in Advanced/Metastatic Solid Tumors,HLX42,"HLX42 is an anti-EGFR monoclonal antibody conjugated with a novel high potency DNA topoisomerase I (topo I) inhibitor, with a drug-antibody-ratio (DAR) of 8."
NCT07374848,"Phase 1a/b Study of ZL-6201 Safety, PK, and Preliminary Efficacy in Sarcoma and Selected Tumors",ZL-6201,ZL-6201 as a single-agent
NCT03383692,Study of DS-8201a for Participants With Advanced Solid Malignant Tumors,DS-8201a; Ritonavir; Itraconazole,"DS-8201a is provided as a sterile lyophilized powder of DS-8201a in a glass vial, which will be dissolved and administered as an intravenous (IV) solution | Ritonavir is a OATP1B inhibitor; an antiretroviral tablet for oral administration | Itraconazole is a CYP3A inhibitor; an antifungal tablet for oral administration"
NCT01480583,GRN1005 Alone or in Combination With Trastuzumab in Breast Cancer Patients With Brain Metastases,GRN1005; Trastuzumab; 18F-FLT,550 mg/m2 IV every 3 weeks | 2 mg/kg IV every week or 6 mg/kg IV every 3 weeks per investigator choice | 5 mCi of 18F-FLT IV during Screening and during Cycle 1
NCT05511844,Study of ORM-5029 in Subjects With HER2-Expressing Advanced Solid Tumors,ORM-5029,Intravenous infusion
NCT01677390,A Phase 1b Study of SGN-75 in Combination With Everolimus in Patients With Renal Cell Carcinoma,SGN-75; everolimus,1-2 mg/kg IV every 21 days | 10 mg PO daily
NCT06907615,A Phase II Clinical Study to Evaluate HLX43 in Subjects With Advanced Non-small Cell Lung Cancer (NSCLC),HLX43 DOSE 1 (2.0 mg/kg); HLX43 DOSE 2 (2.5 mg/kg),"Dose 1; 2.0 mg/kg; HLX43 is an anti-PD-L1 monoclonal antibody conjugated with a novel high potency DNA topoisomerase I (topo I) inhibitor, with a drug-antibody-ratio (DAR) of 8. | Dose 2; 2.5 mg/kg; HLX43 is an anti-PD-L1 monoclonal antibody conjugated with a novel high potency DNA topoisomerase I (topo I) inhibitor, with a drug-antibody-ratio (DAR) of 8."
NCT02837991,"A Dose Escalation, Safety and Activity Study of CDX-014 in Patients With Renal Cell Carcinoma and Ovarian Clear Cell Carcinoma",CDX-014,
NCT03316638,A Study of a New Investigational Medicinal Product to Treat Patients with Advanced or Metastatic Solid Tumors,W0101 - Cohort A1; W0101 - Cohort A2; W0101 - Expansion Phase,Administered once every 2 weeks | Administered every 3 weeks | Administered according to the recommended dose for expansion
NCT07129187,SHR-A1811 for HER2-positive Breast Cancer With Suboptimal Neoadjuvant Response,SHR-A1811,Drug: SHR-A1811 4.8mg/kg
NCT06764316,A First-in-human Study to Learn About the Safety of BAY 3547926 and How Well it Works in Participants With Advanced Liver Cancer,BAY 3547926; BAY 3547922; BAY 3713391,antibody conjugate with actinium-225 label | antibody conjugate without actinium-225 label as preinjection | Radioactive imaging agent - optional preinjection
NCT05547321,"Efficacy and Safety Study of OMTX705, Monotherapy and Anti-PD-1-combined, in Subjects With Advanced Solid Tumors.",OMTX705; Pembrolizumab; OMTX705; OMTX705; OMTX705; Tislelizumab (BGB-A317); OMTX705,The investigational product is OMTX705 administered as monotherapy at different escalation doses. | Pembrolizumab at 200 mg administered in combination with different escalation doses of OMTX705. | The investigational product is OMTX705 administered as monotherapy at 10 mg/kg | The investigational product is OMTX705 administered as monotherapy at 15 mg/kg | The investigational product is OMTX705 administered as monotherapy at 7.5 mg/kg | Tislelizumab at 200 mg is administered in combination with OMTX705 | The investigational product is OMTX administered at 4.0 mg/kg
NCT04838548,A Study to Evaluate the Efficacy and Safety of MRG003 in Patients With EGFR-Positive Advanced Non-Small Cell Lung Cancer,MRG003,Administered intravenously
NCT05276609,ARTEMIS-001: Phase 1 Study of the HS-20093 in Patients With Advanced Solid Tumors,HS-20093 (Phase Ia: Dose escalation); HS-20093 (Phase Ib: Dose expansion),Intravenous (IV) administration of HS-20093 Q3W; Participants will continue treatment until the end of the study in the absence of unacceptable toxicities and confirmed disease progression. | IV administration of HS-20093 Q3W; Participants will continue treatment until the end of the study in the absence of unacceptable toxicities and confirmed disease progression.
NCT07197827,A Study of YL242 in Subjects With Advanced Solid Tumors,YL242; YL242; Pembrolizumab; YL242; 5-FU; LV; YL242; Pembrolizumab; 5-FU,"The YL242 drug product is provided as a lyophilized powder containing 200 mg of YL242 in a glass vial. The initial dose of YL242 will be infused IV into each patient for 90±10 minutes. If there is no infusion-related reaction after the initial dose, the second and subsequent doses of YL242 will be infused IV into each patient for 60±10 minutes. | The YL242 drug product is provided as a lyophilized powder containing 200 mg of YL242 in a glass vial. The initial dose of YL242 will be infused IV into each patient for 90±10 minutes. If there is no infusion-related reaction after the initial dose, the second and subsequent doses of YL242 will be infused IV into each patient for 60±10 minutes. Pembrolizumab will be administered subsequent to YL242. | The YL242 drug product is provided as a lyophilized powder containing 200 mg of YL242 in a glass vial. The initial dose of YL242 will be infused IV into each patient for 90±10 minutes. If there is no infusion-related reaction after the initial dose, the second and subsequent doses of YL242 will be infused IV into each patient for 60±10 minutes.

LV and 5-FU will be sequentially administered following YL242. | The YL242 drug product is provided as a lyophilized powder containing 200 mg of YL242 in a glass vial. YL242 will be administered via Intravenous (IV) Infusion.

Pembrolizumab and 5-FU will be administered in sequence after YL242."
NCT02134197,Dose-escalation Study of Lupartumab Amadotin (BAY1129980),Lupartumab Amadotin (BAY1129980),Starting dose is 0.15mg/kg intravenous (I.V.) administration every 21 days.
NCT06530914,A Phase II Study of MRG003 Injection Combined With Pucotenlimab Injection ± Cisplatin Injection in the Neoadjuvant Treatment Locally Advanced EGFR-positive Head and Neck Squamous Cell Carcinoma,MRG003 combined with Pucotenlimab; MRG003 combined with Pucotenlimab+Cisplatin,"Both interventions all drugs intravenous infusion, D1, once every 3 weeks, a total of 3 cycles. | All interventions all drugs intravenous infusion, once every 3 weeks, a total of 3 cycles."
NCT06400472,A Study of LY4170156 in Participants With Selected Advanced Solid Tumors,LY4170156; bevacizumab; carboplatin; Itraconazole; pembrolizumab,Intravenous | IV | IV | oral | IV
NCT01374971,Rheumatoid Arthritis Treatment and Biopsy Study Assessing Certolizumab Pegol (Cimzia),Certolizumab Pegol (CZP); Arthroscopic synovial tissue biopsy,"CZP is an anti-TNF, humanized antibody Fab' fragment/polyethylene glycol(PEG)conjugate. CZP liquid formulation 200 mg sc -(initial loading dose of 400 mg sc at 0 (Baseline), 2, and 4 weeks), then 200 mg sc every 2 weeks at 6, 8, and 10 weeks. | Subjects will undergo arthroscopy Pre and Post Treatment. The arthroscopy will be performed on a clinically inflamed joint. A single arthroscopy procedure using a small bore arthroscope will be conducted to obtain synovial tissue in each joint in all subjects. Local anesthesia will be used only. Two small incisions will be made to accommodate the arthroscope and other instruments. Synovial biopsies will be obtained using a motorized shaver."
NCT05948865,A Phase 1 Study of CPO301 in Adult Patients With Advanced or Metastatic Solid Tumors,CPO301,Administered by intravenous injection
NCT06842498,A Study of FG-3246 in Participants With Metastatic Castration-Resistant Prostate Cancer (mCRPC),FG-3246,FG-3246 will be administered per schedule specified in the arm description.
NCT06422520,A First-in-Human Study of BGB-C354 Alone and in Combination With Tislelizumab in Participants With Advanced Solid Tumors,BGB-C354; Tislelizumab,Administered by intravenous infusion | Administered by intravenous infusion
NCT07082920,A Study of JNJ-78278343 in Combination With JNJ-95298177 for Treatment of Prostate Cancer,JNJ-78278343; JNJ-95298177,JNJ-78278343 will be administered intravenously. | JNJ-95298177 will be administered intravenously.
NCT07253142,A Phase II Clinical Study to Evaluate HLX43 in Combination With Serplulimab in Subjects With Advanced Lung Cancer,HLX43 dose 1; HLX43 dose 2,"HLX43 is an anti-PD-L1 monoclonal antibody conjugated with a novel high potency DNA topoisomerase I (topo I) inhibitor, with a drug-antibody-ratio (DAR) of 8. | HLX43 is an anti-PD-L1 monoclonal antibody conjugated with a novel high potency DNA topoisomerase I (topo I) inhibitor, with a drug-antibody-ratio (DAR) of 8."
NCT05188209,A Study to Evaluate the Efficacy and Safety of MRG003 in Patients With Advanced Gastric Cancer.,MRG003,Administered intravenously
NCT04838964,"A Study of MRG003 in the Treatment of EGFR-positive Unresectable, Locally Advanced or Metastatic Biliary Tract Cancer",MRG003,Administrated intravenously
NCT01963715,A Phase 1 Study of IMGN289 in Adult Patients With EGFR-positive Solid Tumors,IMGN289,
NCT06112379,A Phase III Randomised Study to Evaluate Dato-DXd and Durvalumab for Neoadjuvant/Adjuvant Treatment of Triple-Negative or Hormone Receptor-low/HER2-negative Breast Cancer,Dato-DXd; Durvalumab; Pembrolizumab; Doxorubicin; Epirubicin; Cyclophosphamide; Paclitaxel; Carboplatin; Capecitabine; Olaparib,Experimental drug IV infusion | Experimental drug IV Infusion | IV Infusion Active comparator | IV infusion Experimental/Active Comparator | IV Infusion Experimental/Active Comparator | IV infusion Experimental/Active Comparator | IV infusion Experimental/Active Comparator | IV infusion Experimental/Active Comparator | Tablet Oral route of administration Experimental/Active Comparator | Tablet Oral route of administration Experimental/Active Comparator
NCT07218146,A Study of ZL-1310 Versus Investigator's Choice of Therapy in Participants With Relapsed Small Cell Lung Cancer (DLLEVATE),ZL-1310; Investigator's Choice of Therapy,"ZL-1310 as a single-agent | Topotecan, Lurbinectedin, or Amrubicin"
NCT03403725,MEN1309 I.v. Infusion in Pts With CD205-positive Metastatic Solid Tumors and Relapsed or Refractory NHL Ph I Study,MEN1309,MEN1309 solution for intravenous infusion once every 3 weeks
NCT06147037,"A Phase 1, Dose-escalation Study of [225Ac]-FPI-2068 in Adult Patients With Advanced Solid Tumours",FPI-2053; [111In]-FPI-2107; [225Ac]-FPI-2068,"FPI-2053 is a bispecific antibody that targets EGFR and cMET | \[111In\]-FPI-2107 is an imaging agent in which indium-111 is conjugated to FPI-2053.

Participants will have a fixed dose of \[111In\]-FPI-2107 followed by imaging scans (with or without pre-administration of FPI-2053). | \[225Ac\]-FPI-2068 is a radiopharmaceutical therapy in which an alpha emitter, actinium-225, is conjugated to FPI-2053.

Participants will be dosed through IV administration every 56 days for up to 3 cycles of the Treatment Period."
NCT03366428,Phase 1 Study to Evaluate the Effect of DS-8201a on the QT/QTc Interval and Pharmacokinetics in HER2-Expressing Breast Cancer,DS-8201a,DS-8201a is supplied as a lyophilized powder which is reconstituted for infusion
NCT06074588,Sacituzumab Tirumotecan (MK-2870) Versus Chemotherapy in Previously Treated Advanced or Metastatic Nonsquamous Non-small Cell Lung Cancer (NSCLC) With EGFR Mutations or Other Genomic Alterations (MK-2870-004),Sacituzumab tirumotecan; Docetaxel; Pemetrexed,4 mg/kg of MK-sacituzumab tirumotecan by IV infusion | 75 mg/m\^2 of docetaxel by IV Infusion | 500 mg/m\^2 of pemetrexed by IV infusion
NCT06841354,"A Study of Sacituzumab Tirumotecan (Sac-TMT, MK-2870) as Monotherapy and in Combination With Pembrolizumab (MK-3475) in Participants With Triple-Negative Breast Cancer (MK-2870-011/TroFuse-011)",Sacituzumab tirumotecan; Pembrolizumab; Rescue Medication; Paclitaxel; Nab-paclitaxel; Gemcitabine; Carboplatin,"IV Infusion | IV Infusion | Participants receive the following pre-medications before sacituzumab tirumotecan infusion: Histamine-1 (H1) receptor agonist, histamine-2 (H2) receptor antagonist, acetaminophen or equivalent, dexamethasone or equivalent infusion. Participants are also recommended to receive prophylactic steroid mouthwash (dexamethasone or equivalent). | IV Infusion | IV Infusion | IV Infusion | IV Infusion"
NCT07066917,Mechanisms of Response and Resistance to Innovative Treatments in Patients With Locally Advanced or Metastatic Breast Cancer,,
NCT05688605,A Study of MRG003 in the Treatment of Patients With EGFR-positive Advanced or Metastatic Solid Tumors,MRG003+HX008,Administered intravenously
NCT05901545,Evaluating 111In Panitumumab for Nodal Staging in Head and Neck Cancer,Panitumumab; Indium In 111 Panitumumab; Single Photon Emission Computed Tomography; Computed Tomography; Surgical Procedure; Imaging agent; Intraoperative Imaging; Near Infrared Imaging; Electrocardiography; Biospecimen Collection,Given by IV | Given by IV | Undergo SPECT/CT | Undergo SPECT/CT | Undergo standard of care surgery | Receive local injection of optical dye | Undergo Intraoperative Imaging | Undergo Near Infrared Imaging | Undergo Electrocardiography | Undergo blood sample collection
NCT07132242,SHR-A1811 Combine With Pyrotinib for Locally Advanced/Metastatic HER2 Positive Breast Cancer,SHR-A1811 4.0mg/kg; Pyrotinib 240mg; SHR-A1811 4.8mg/kg; Pyrotinib 320mg,"SHR-A1811 4.0mg/kg, IV, Day 1, Q3W | Pyrotinib 240mg, po, QD, from Day 8 to Day 21,Q3W | SHR-A1811 4.8mg/kg, IV, D1, Q3W | Pyrotinib 320mg, po, QD, from Day 8 to Day 21, Q3W"
NCT06057922,A Study YL201 in Patients With Selected Advanced Solid Tumors,YL201 for Injection,Patients will be treated with YL201 intravenous (IV) infusion once every 3 weeks (Q3W) as a cycle; and at dose levels of 1.0 mg/kg and 1.2 mg/kg administered on Days 1 and 8 of each Q3W treatment cycle.
NCT03696771,Study to Determine Safety and Dose of NJH395 in Non-breast HER2+ Advanced Cancer,NJH395,"Immune stimulator antibody conjugate (ISAC), consisting of a monoclonal antibody which targets HER2 conjugated to an immune-stimulatory agent"
NCT01997333,"Study of Glembatumumab Vedotin (CDX-011) in Patients With Metastatic, gpNMB Over-Expressing, Triple Negative Breast Cancer",CDX-011; Capecitabine, | 
NCT07093970,A Study of MRG006A in the Treatment of Patients With Advanced Solid Tumors,MRG006A,Administrated intravenously
NCT02702141,A Safety Study of SGN-CD19B in Patients With B-cell Non-Hodgkin Lymphoma,SGN-CD19B,Given intravenously Day 1 of 28-day or 42-day cycles
NCT06781983,Safety and Tolerability of IPH4502 in Patients With Advanced Solid Tumors,IPH4502,Part 1 (dose escalation) and Part 2 (dose optimization)
NCT06465069,A Study of LY4052031 in Participants With Advanced or Metastatic Urothelial Cancer or Other Solid Tumors,LY4052031,Intravenous
NCT05279300,A Study of CS5001 in Patients With Advanced Solid Tumors and Lymphomas,CS5001; Rituximab; Gemcitabine; Oxaliplatin; Lenalidomide; Cyclophosphamide; Doxorubicin; Vincristine; Prednisone,The dose and dosing schedule is decided by the Safety Monitoring Committee. | IV infusion | IV infusion | IV infusion | PO | IV infusion | IV infusion | IV infusion | PO
NCT03379584,A Safety Study of SGN-CD48A in Patients With Multiple Myeloma,SGN-CD48A,"Intravenous (IV) infusion on days 1, 8, and 15 of a 28-day cycle"
NCT07657806,DEC003M in Prostate Cancer,DEC003M,Once every 3 weeks (Q3W) with a cycle length of 21 days
NCT02581878,Safety and Tolerability of BAY1862864 Injection in Subjects With Relapsed or Refractory CD22-positive Non-Hodgkin's Lymphoma,BAY1862864,"Radiopharmaceutical, injection: Up to four treatment cycles lasting six weeks each; in each cycle, a single treatment on Day 1. In this dose-escalation part of the study, the radioactivity dose will start at 1.5 MBq and increase in steps of 1.5 MBq, with a antibody-chelator conjugate dose of 2 or 10 mg."
NCT03384940,DS-8201a in Human Epidermal Growth Factor Receptor2 (HER2)-Expressing Colorectal Cancer (DESTINY-CRC01),DS-8201a,"DS-8201a is comprised of an antibody component conjoined to a drug component in a lyophilized powder, which is made into solution for intravenous administration"
NCT04147819,"A First in Human Study of BAY2701439 to Look at Safety, How the Body Absorbs, Distributes and Excretes the Drug, and How Well the Drug Works in Participants With Advanced Cancer Expressing the HER2 Protein",BAY2701439; BAY2701439,Intravenous (IV) injection on Day 1 of each cycle.The duration of each cycle will be 6 weeks (42 days). | Intravenous (IV) injection on Day 1 of each cycle and 1 hour before the start of administration of BAY2701439. The duration of each cycle will be 6 weeks (42 days).
NCT06848699,A Phase Ib/II Clinical Study to Evaluate HLX43 in Combination With Serplulimab in Patients With Advanced/Metastatic Solid Tumors,HLX43 dose 1; HLX43 dose 2; HLX43 dose 3; HLX43 dose 4; HLX43 dose 5; Serplulimab,"HLX43 is an anti-PD-L1 monoclonal antibody conjugated with a novel high potency DNA topoisomerase I (topo I) inhibitor, with a drug-antibody-ratio (DAR) of 8. | HLX43 is an anti-PD-L1 monoclonal antibody conjugated with a novel high potency DNA topoisomerase I (topo I) inhibitor, with a drug-antibody-ratio (DAR) of 8. | HLX43 is an anti-PD-L1 monoclonal antibody conjugated with a novel high potency DNA topoisomerase I (topo I) inhibitor, with a drug-antibody-ratio (DAR) of 8. | HLX43 is an anti-PD-L1 monoclonal antibody conjugated with a novel high potency DNA topoisomerase I (topo I) inhibitor, with a drug-antibody-ratio (DAR) of 8. | HLX43 is an anti-PD-L1 monoclonal antibody conjugated with a novel high potency DNA topoisomerase I (topo I) inhibitor, with a drug-antibody-ratio (DAR) of 8. | anti-PD-1 humanized monoclonal antibody injection"
NCT07258407,A Clinical Trial Evaluating the Safety of TD001 In Patients With PSMA-Expressing Metastatic Prostate Cancer,TD001,Intravenous (IV) infusion at protocol-defined doses and schedules until disease progression or other reason to end treatment
NCT03248492,A Study of DS-8201a in Metastatic Breast Cancer Previously Treated With Trastuzumab Emtansine (T-DM1),DS-8201a,"DS-8201a is sterile lyophilized powder reconstituted into a sterile aqueous solution (100 mg/5 mL) to be administered as low, medium and high intravenous (IV) doses for Part 1 of the trial. The dose for Part 2 will be determined based on results from Part 1."
NCT05498597,AMT-151 in Patients With Selected Advanced Solid Tumours,AMT-151,Administered intravenously
NCT06680596,Detecting Tumor DNA in the Blood of HR+/HER2-low Metastatic Breast Cancer Patients to Find Candidates for T-DXd Therapy,trastuzumab derxutecan,T-DXd will be administrated as an intra-venous injection of 5.4 mg/kg every three weeks (1 cycle = 21-day treatment).
NCT04084366,Phase 1/2 Study of OBI-999 in Patients With Advanced Solid Tumors,OBI-999; OBI-999,"For the dose-escalation phase, OBI-999 will be administered on Day 1 of each 21-day cycle, for up to 35 cycles. | For the dose-expansion phase, OBI-999 will be administered on Day 1 of each 21-day cycle, for up to 35 cycles."
NCT05126719,A Study to Evaluate the Efficacy and Safety of MRG003 in Patients With Recurrent Metastatic Nasopharyngeal Carcinoma,MRG003; Capecitabine tablets; Docetaxel injection,Administered intravenously | Administered peros | Administered intravenously
NCT01015911,A Phase 1 Dose-escalation Trial of SGN-75 in CD70-positive Non-Hodgkin Lymphoma or Renal Cell Carcinoma,SGN-75,SGN-75 (IV) in 21- or 28-day cycles; dose range: 0.3-9 mg/kg
NCT05374512,"A Study of Dato-DXd Versus Investigator's Choice Chemotherapy in Patients With Locally Recurrent Inoperable or Metastatic Triple-negative Breast Cancer, Who Are Not Candidates for PD-1/PD-L1 Inhibitor Therapy (TROPION-Breast02)",Dato-DXd; Paclitaxel; Nab-paclitaxel; Carboplatin; Capecitabine; Eribulin mesylate,Experimental drug. Provided in 100mg vials. IV infusion. | IV Infusion. Active comparator | IV infusion. Active comparator | IV infusion. Active comparator | Tablet. Oral route of administration. Active comparator | IV infusion. Active comparator
NCT07358585,A Phase Ib/II Study to Evaluate HLX43 Combined With HLX07 or Serplulimab in Patients With Advanced or Metastatic Colorectal Cancer,HLX43 dose 1 + HLX07; HLX43 dose 2 + HLX07; HLX43 dose 3 + Serplulimab; HLX43 dose 4 + Serplulimab,"HLX43 is an anti-PD-L1 monoclonal antibody conjugated with a novel high potency DNA topoisomerase I (topo I) inhibitor, with a drug-antibody-ratio (DAR) of 8.

HLX07 is a recombinant anti-EGFR humanized monoclonal antibody | HLX43 is an anti-PD-L1 monoclonal antibody conjugated with a novel high potency DNA topoisomerase I (topo I) inhibitor, with a drug-antibody-ratio (DAR) of 8.

HLX07 is a recombinant anti-EGFR humanized monoclonal antibody | HLX43 is an anti-PD-L1 monoclonal antibody conjugated with a novel high potency DNA topoisomerase I (topo I) inhibitor, with a drug-antibody-ratio (DAR) of 8.

Serplulimab is an anti-PD-1 humanized monoclonal antibody | HLX43 is an anti-PD-L1 monoclonal antibody conjugated with a novel high potency DNA topoisomerase I (topo I) inhibitor, with a drug-antibody-ratio (DAR) of 8.

Serplulimab is an anti-PD-1 humanized monoclonal antibody"
NCT07556848,A Study of 9MW2821 Versus Chemotherapy in Participants With Previously Treated Locally Advanced or Metastatic Triple-Negative Breast Cancer,9MW2821; Chemotherapy,"Subjects will receive intravenous (IV) infusion of 9MW2821 as per protocol | Participants will receive investigator's choice of chemotherapy determined prior to randomization from 1 of the 4 allowed regimens as per protocol: eribulin, or vinorelbine or capecitabine or gemcitabine."
NCT04189211,"A Clinical Trial of BAT8001 on Safety, Tolerability and Pharmacokinetics for Patients",BAT8001,IV infusions.
NCT05434234,A Study of YL201 in Patients With Advanced Solid Tumors,YL201; YL201; YL201 and atezolizumab,"Patients will be treated with YL201 intravenous (IV) infusion once every 3 weeks (Q3W) as a cycle. | Patients will be treated with YL201 intravenous (IV) (A mg/kg or B g/kg infusion once every 3 weeks (Q3W) as a cycle. | Patients will be treated with YL201 intravenous (IV) infusion (A mg/kg or B mg/kg, up to 200mg) followed by atezolizumab on day 1 of each 21 day cycle"
NCT05535244,A Study Evaluating the Efficacy and Safety of Cevostamab in Prior B Cell Maturation Antigen (BCMA)-Exposed Participants With Relapsed/Refractory Multiple Myeloma,Cevostamab; Tocilizumab,Cevostamab will be administered by IV infusion in 21-day cycles. | Tocilizumab will be administered for the treatment of cytokine release syndrome (CRS) when necessary.
NCT03574753,Lung-MAP S1400K: c-MET Positive,ABBV-399,"ABBV-399 (Process II), 2.7 mg/kg IV over 30 ± 10 minutes, Day 1, Every 21 days"
NCT04695847,M1231 in Participants With Solid Tumors,M1231; M1231,"M1231 will be administered at escalated doses every three weeks until disease progression, unacceptable toxicity, withdrawal of consent, or any criterion for withdrawal from the study. | M1231 will be administered at the dose determined as RDE in part 1, every three weeks until disease progression, unacceptable toxicity, withdrawal of consent, or any criterion for withdrawal from the study."
NCT01166490,A Phase 1 Dose Escalation Trial of ASG-5ME in Pancreatic or Gastric Adenocarcinoma,ASG-5ME,"0.3-3.0 mg/kg IV on Days 1, 8, and 15 of 28-day cycles"
NCT01440179,SAR3419 in Acute Lymphoblastic Leukemia,SAR3419,Pharmaceutical form: concentrate solution for infusion Route of administration: intravenous
NCT06244485,A Study of Valemetostat Tosylate in Combination With DXd ADCs in Subjects With Solid Tumors,Valemetostat tosylate; T-DXd; Dato-DXd,Administered orally once daily | One IV infusion Q3W on Day 1 of each 21-day cycle | One IV infusion Q3W on Day 1 of each 21-day cycle.
NCT02368951,"Phase I, Dose-escalation Trial of BAY1187982 in Subjects With Advanced Solid Tumors Known to Express Fibroblast Growth Factor Receptor 2 (FGFR2)",BAY1187982,A dose of 0.1 mg BAY 1187982 per kilogram (kg) body weight (BW) was chosen as the starting dose based on toxicology data. The investigational drug will be administered as a 1-hour IV infusion once every 21 days at the trial site (Day 1 of each 21-day Cycle). The maximum possible dose escalation will be 2-fold and not more than 0.5 mg/kg BW until maximum tolerated dose is selected
NCT07208773,A Study of YL201 and Ivonescimab (AK112) in Advanced Solid Tumors,YL201; Ivonescimab,YL201 will be administered as IV infusion | Ivonescimab will be administered as IV infusion.
NCT07164313,A Study of ZW251 in Participants With Advanced Solid Tumors,ZW251,Administered intravenously
NCT07504939,Multimodal Kidney-Sparing Strategy for High-Risk Upper Tract Urothelial Carcinoma,SBRT,Participants without confirmed complete tumor resection will receive selective hypofractionated radiotherapy approximately one month after surgery.
NCT04235101,Phase I Study of SYD985 With Niraparib in Patients With Solid Tumors,SYD985 + Niraparib,SYD985 powder for concentrate for solution for infusion Niraparib 100 mg per hard capsule
NCT05613088,"A Study of MORAb-202 Versus Investigator's Choice Chemotherapy in Female Participants With Platinum-resistant High-grade Serous (HGS) Ovarian, Primary Peritoneal, or Fallopian Tube Cancer",MORAb-202; Paclitaxel; Pegylated Liposomal Doxorubicin (PLD); Topotecan,Specified dose on specified days | Specified dose on specified days | Specified dose on specified days | Specified dose on specified days
NCT07354711,A First-in-human Study of 3H-10000 in Patients With Unresectable or Metastatic Solid Tumors,3H-10000,3H-10000 will be administered by infusion Q2W in 28-day cycles.
NCT07407933,A Study of YL201 in Combination With Other Anti-Cancer Therapies in Patients With Advanced Solid Tumors,YL201; Atezolizumab,YL201 intravenous infusion will be administered on Day 1 of each 21-day cycle. | Atezolizumab intravenous infusion will be administered at a dose of 1200 mg on Day 1 of each 21-day cycle
NCT06742892,A Phase II Clinical Study to Evaluate HLX43 in Patients With Locally Advanced or Metastatic HCC Failed or Intolerance to Standard Therapy,HLX43 DOSE 1; HLX43 DOSE 2; HLX43 DOSE 3,"Dose 1; HLX43 is an anti-PD-L1 monoclonal antibody conjugated with a novel high potency DNA topoisomerase I (topo I) inhibitor, with a drug-antibody-ratio (DAR) of 8. | Dose 2; HLX43 is an anti-PD-L1 monoclonal antibody conjugated with a novel high potency DNA topoisomerase I (topo I) inhibitor, with a drug-antibody-ratio (DAR) of 8. | Dose 3; HLX43 is an anti-PD-L1 monoclonal antibody conjugated with a novel high potency DNA topoisomerase I (topo I) inhibitor, with a drug-antibody-ratio (DAR) of 8."
NCT07414836,A First-in-Human Study of BG-C0979 in Adults With Advanced Solid Tumors,BG-C0979; Tislelizumab,Administered by intravenous infusion. | Administered by intravenous infusion.
NCT07169734,A Study to Investigate ALE.P03 as Monotherapy in Adult Patients With Selected Advanced or Metastatic CLDN1+ Solid Tumors,ALE.P03; ALE.P03; ALE.P03,"ALE.P03, will be administered by IV infusion according to the assigned arms. | ALE.P03, will be administered by IV infusion according to the assigned arms. | ALE.P03, will be administered by IV infusion according to the assigned arms."
NCT07604766,An Extension Study to Assess the Efficacy of Rina-S Compared to Treatment of Investigator's Choice in Participants With Platinum Resistant Ovarian Cancer in China,Rina-S; Paclitaxel; Topotecan; Pegylated liposomal doxorubicin (PLD); Gemcitabine,Intravenous (IV) infusion | IV infusion | IV infusion | IV infusion | IV infusion
NCT04686305,"Phase Ib Study of the Safety of T-DXd and Immunotherapy Agents With and Without Chemotherapy in Advanced or Metastatic HER2+, Non-squamous NSCLC",T-DXd; Durvalumab; Cisplatin; Carboplatin; Pemetrexed; Volrustomig; Rilvegostomig,T-DXd: administered as an IV infusion | Durvalumab: administered as an IV infusion | Cisplatin: administered as an IV infusion | Carboplatin: administered as an IV infusion | Pemetrexed: administered as an IV infusion (drug not used) | Volrustomig: administered as an IV infusion | Rilvegostomig: administered as an IV infusion
NCT07645222,PHASE 1b STUDY OF HS-20122 COMBINED THERAPY IN NSCLC,HS-20122+Aumolertinib; HS-20122+Adbrelimab; HS-20122+Adbrelimab+Platinum-based Chemo,"EGFR mut NSCLC, receive HS-20122+Aumolertinib | EGFRwt NSCLC,receive HS-20122+Adbrelimab | EGFR wt NSCLC,receive HS-20122+Adbrelimab+ Platinum-based Chemo"
NCT06980506,MNPR-101-DFO*-89Zr Expanded Access Program (EAP) for Patients With Solid Tumor Cancer,MNPR-101-DFO*-89Zr,MNPR-101-DFO\*-89Zr is an antibody radionuclide conjugate intended to image solid tumors expressing uPAR.
NCT06238479,"A Study of LY4101174 in Participants With Recurrent, Advanced or Metastatic Solid Tumors",LY4101174,Intravenous
NCT07090499,A Study to Learn About the Study Medicine Called PF-08046876 in People With Advanced Solid Tumors,PF-08046876,Intravenous administration
NCT07099898,A Study of GSK5764227 in Participants With Relapsed Small Cell Lung Cancer (SCLC),Ris-Rez; Topotecan,Ris-Rez will be administered | Topotecan will be administered
NCT06520345,The Study of 177Lu-TLX591 Plus SOC Versus SOC Alone in Patients With mCRPC (ProstACT Global),177Lu-TLX591; Enzalutamide; Abiraterone; Docetaxel,"Participants randomized to Group A will receive two 76 mCi (±10%) doses of 177Lu-TLX591 14 days apart | Enzalutamide (starting dose 160 mg daily) | Abiraterone (starting dose 1,000 mg daily) + prednisone / prednisolone (up to 10 mg per day for the standard formulation) | Docetaxel: Single agent chemotherapy will consist of docetaxel given at a recommended dose of 75mg/m2 IV every 3 weeks given in combination with oral prednisone / prednisolone 5mg twice a day (or equivalent) for up to 10 cycles"
NCT04460456,A Study of SBT6050 Alone and in Combination With PD-1 Inhibitors in Subjects With Advanced HER2 Expressing Solid Tumors,SBT6050; pembrolizumab; Cemiplimab,Escalating doses of SBT6050 in Part 1 and recommended dose in Part 2 | 400 mg IV | 350 mg IV
NCT01915472,A Phase II Study of IMMU 130 in Patients With Metastatic Colorectal Cancer,IMMU 130,"This is a Phase II, open-label study of IMMU-130 administered every 14 days for a period of 24 weeks to patients with metastatic colorectal cancer who have been previously treated with at least one prior irinotecan-containing regimen."
NCT07098338,A Study of Novel Combinations in Non-Small Cell Lung Cancer (NSCLC),Rilvegostomig; Ramucirumab; Dato-DXd,Rilvegostomig will be administered as IV infusion. | Ramucirumab will be administered as IV infusion. | Dato-DXd will be administered as IV infusion.
NCT07168083,Efficacy and Safety of Sacituzumab in Patients With OCCC After Immunotherapy Progression,,
NCT03384238,Panitumumab-IRDye800 in Patients With Pancreatic Cancer Undergoing Surgery,Fluorescence Imaging; Panitumumab; Panitumumab-IRDye800,Undergo fluorescence imaging | Given IV | Given IV
NCT01786135,A Safety Study of SGN-CD19A for B-Cell Lymphoma,SGN-CD19A,SGN-CD19A (IV) once every 21 days (3 weeks) or 42 days (6 weeks)
NCT01439152,Phase I Study to Determine the Maximum Tolerable Dose of BAY94-9343 in Patients With Advanced Solid Tumors.,BAY94-9343; BAY94-9343 (Expansion); BAY94-9343 (1.8 mg/kg); BAY94-9343 (2.2 mg/kg),BAY94-9343 was administered intravenously in this study. The starting dose for this first-in-man study was 0.15 mg/kg administered as a 1 hour infusion every 21 days. | BAY94-9343 was administered intravenously in this study. The dose for this expansion cohort was 5.5mg/kg administered as a 1 hour infusion every 21 days. | BAY94-9343 was administered intravenously in this study. The dose for this cohort was 1.8 mg/kg administered as a 1 hour infusion every week for 3 weeks. | BAY94-9343 was administered intravenously in this study. The dose for this cohort was 2.2 mg/kg administered as a 1 hour infusion every week for 3 weeks.
NCT05584709,Study to Access Anti-CD38 Anibody Drug in Patients With Advanced Solid Tumors,STI-6129,Repeated 4-week intravenous infusion cycles of STI-6129 will be given. (one infusion every four weeks).
NCT04441099,NBE-002 in Patients With Advanced Solid Tumors,NBE-002,NBE-002 will be given intravenously on Day 1 of repeated 28-day cycles.
NCT07419880,"Re-challenge Immunotherapy With Cromolyn, TQB2102, and Panpulimab in Immune-Refractory Triple Negative Breast Cancer","Cromolyn, TQB2102, and Panpulimab","Upon enrollment, patients will receive intravenous administration of penpulimab (200 mg) and TQB2102 (6 mg/kg) every three weeks, along with intranasal delivery of cromolyn sodium (each dose 10 mg \[5 sprays per nostril, bilaterally\], four times daily, administered 30 minutes before meals and at bedtime)."
NCT07684599,A Study to Investigate GSK5733584 as Maintenance Treatment for Participants With MMRp Endometrial Cancer (BEHOLD-Endometrial02),GSK5733584; Dostarlimab; Pembrolizumab,GSK5733584 will be administered | Dostarlimab will be administered | Pembrolizumab will be administered
NCT05751512,A Study to Evaluate MRG003 vs Cetuximab/Methotrexate in in the Treatment of Patients With RM-SCCHN,MRG003; Cetuximab injection; Methotrexate Injection,Administered intravenously | Administered intravenously | Administered intravenously
NCT05629585,A Study of Dato-DXd With or Without Durvalumab Versus Investigator's Choice of Therapy in Patients With Stage I-III Triple-negative Breast Cancer Without Pathological Complete Response Following Neoadjuvant Therapy (TROPION-Breast03),Dato-DXd; Durvalumab; Capecitabine; Pembrolizumab,Experimental drug. Provided in 100mg vials. IV infusion | Experimental drug. Provided in 50mg vials. IV infusion | Active Comparator. Tablet. Oral route of administration | Active Comparator. Provided in 100mg vials. IV infusion
NCT07497074,JSKN033 Combination Therapy in Subjects With Advanced Cervical Cancer,JSKN033; Platinum; Bevacizumab,JSKN033 in combination with platinum-based chemotherapy with or without bevacizumab at selected dose levels according to protocol | JSKN033 in combination with platinum-based chemotherapy with or without bevacizumab at selected dose levels according to protocol | JSKN033 in combination with platinum-based chemotherapy with or without bevacizumab at selected dose levels according to protocol
NCT06769113,A Phase II Clinical Study to Evaluate HLX43 in Patients With Recurrent/Metastatic ESCC Failed or Intolerance to Standard Therapy,HLX43,"HLX43 is an anti-PD-L1 monoclonal antibody conjugated with a novel high potency DNA topoisomerase I (topo I) inhibitor, with a drug-antibody-ratio (DAR) of 8."
NCT05620017,"Evaluate the Safety, Tolerability and Pharmacokinetic Characteristics of BAT8008 for Injection",BAT8008 for Injection,"Intravenous infusion, once every 2 weeks (Q2W). It is recommended that the infusion time of the first cycle should be ≥ 3 hours. If no infusion reaction occurs, the subsequent circulation can be completed within 1-2 hours."
NCT07622524,A Phase I Study of CS5007 in Participants With Advanced Solid Tumors,CS5007,CS5007 will be administered via intravenous (IV) infusion on Day 1 of repeated 21-day cycles (Q3W).
NCT07519655,Phase 1 Study of PF-08046033 in Advanced Solid Tumors,PF-08046033,Powder for solution for infusion.
NCT01050764,Haploidentical Allogeneic Transplant With Post-transplant Infusion of Regulatory T-cells,"Regulatory T-cells; Conventional T-cells; Melphalan; Thiotepa; Fludarabine; Anti-thymocyte globulin, rabbit; CliniMACS CD34 Reagent System","To ameliorate the impaired immune recovery and address the significant relapse incidence in the haploidentical setting. Cells will be selected by a tandem selection process and infused on day +14. These are the enriched but naturally-occurring regulatory T cells. Possible dose cohorts and levels are:

Cohort 1

* T-reg: 1 x 10e5/kg
* T-con: 3 x10e5/kg

Cohort 2

* T-reg: 3 x 10e5/kg
* T-con: 1 x 10e6/kg

Cohort 3

* T-reg: 1 x 10e6/kg
* T-con: 3 x 10e6/kg

Cohort 4

* T-reg: 3 x 10e6/kg
* T-con: 1 x 10e7/kg | These are conventional (unselected) donor T-cells. Cell dosage of the infusion will be based on the CD3+ cell content and infused on day +16. | Anti-cancer chemotherapy drug administered IV at 140 mg/m² on Day -8 prior to HSCT (a component of the conditioning regiment prior to infusion of cells) | Anti-cancer chemotherapy drug administered IV at 10 mg/kg on Day -7 prior to HSCT (a component of the conditioning regiment prior to infusion of cells) | Anti-cancer chemotherapy drug administered IV at 160mg/m² on Days -6; -5; -4; and -3 prior to HSCT (a component of the conditioning regiment prior to infusion of cells | Rabbit-derived antibodies against human T-cells used as transplant rejection prophylaxis. Administered at 6 mg/kg IV on Days -6; -5; -4; and -3 prior to HSCT | An in vitro medical device system that uses antibodies conjugated to magnetic beads to select and enrich for CD34+ blood stem cells from the allogeneic donor apheresis product prior to HSCT, while removing other cells that can cause GvHD. CD34+ cell dosage will be based on the participant's body weight."
NCT05647122,First in Human Study of AZD9592 in Solid Tumors,AZD9592; Osimertinib; 5-Fluorouracil (5-FU); Leucovorin; Bevacizumab,Varying doses of AZD9592 | tablets administered orally | IV infusion | IV infusion | IV infusion
NCT06523803,A Study of ZW171 in Participants With Advanced or Metastatic Mesothelin-expressing Cancers,ZW171,Administered per protocol requirements
NCT07044336,Puxitatug Samrotecan (AZD8205) Monotherapy vs Chemotherapy in B7-H4-selected Endometrial Cancer (Bluestar-Endometrial01),Puxitatug Samrotecan; Doxorubicin; Paclitaxel,"2.4 mg/kg on Day 1 Q3W Route of administration: IV infusion | 60 mg/m2 on Day 1 Q3W Route of administration: IV | 80 mg/m2 on Days 1, 8, and 15 in 28-day cycle Route of Administration: IV"
NCT03953833,B003 in Patients With HER2-positive Recurrent or Metastatic Breast Cancer,Recombinant anti-HER2 humanized monoclonal antibody conjugate for injection.R&D code: B003.,"Usage: Intravenous infusion; Dose escalation stage: doses 0.6, 1.2, 2.4, 3.6, 4.8 mg / kg, 1-6subjects each. Dose expansion stage: 20 subjects are enrolled and take the recommended dose based on the result of dose escalation stage.

Infusion time：90 minutes(90min-106min suggested) for the first time; if no infusion reaction happens, the follow-up time is adjusted to at least30 minutes(30min-40min suggested).Dose escalation stage: treatment cycle is administered every 21days,the infusion is taken at the first day of each treatment cycle.Observation period of DLT is the 21st day of the first treatment cycle."
NCT04925284,Study of XB002 in Subjects With Solid Tumors (JEWEL-101),XB002; Nivolumab; Bevacizumab,IV administration of XB002 | IV administration of Nivolumab | IV administration of bevacizumab
NCT03449030,A Study of TAK-164 in Participants With Advanced Gastrointestinal (GI) Cancer Expressing Guanylyl Cyclase C (GCC),TAK-164; 89Zr-TAK-164,TAK-164 intravenous infusion. | 89Zr-TAK-164 intravenous infusion
NCT06415487,ACE2016 in Adult Subjects With Locally Advanced or Metastatic Solid Tumors Expressing Epidermal Growth Factor Receptor (EGFR),Cyclophosphamide; Fludarabine; ACE2016; Pembrolizumab,Lymphodepleting agent | Lymphodepleting agent | Allogeneic gamma delta T (gdT) cell therapy | Immune checkpoint anti-PD-1 antibody
NCT06667960,Study of JK06 in Patients With Unresectable Locally Advanced or Metastatic Cancer,JK06,Biparatopic anti-5T4 antibody
NCT06926868,"A Study of Izalontamab Brengitecan Versus Chemotherapy in Participants With Previously Untreated, Locally Advanced, Recurrent Inoperable, or Metastatic Triple-negative Breast Cancer Ineligible for Anti-PD(L)1 Drugs (IZABRIGHT-Breast01)",Iza-bren; Nab-paclitaxel; Paclitaxel; Capecitabine; Carboplatin; Gemcitabine,Specified dose on specified days | Specified dose on specified days | Specified dose on specified days | Specified dose on specified days | Specified dose on specified days | Specified dose on specified days
NCT07686068,First-in-Human Trial of VBC106 in Participants With Advanced Solid Tumors,VBC106,VBC106
NCT07213804,A Three-Part Phase 3 Study of Sofetabart Mipitecan in Participants With Platinum-Resistant (Part A) and Platinum-Sensitive (Parts B and C) Ovarian Cancer,Sofetabart Mipitecan; Paclitaxel; Topotecan; Gemcitabine; Pegylated liposomal doxorubicin (PLD); MIRV; Bevacizumab; Carboplatin,Administered IV | Administered IV | Administered IV | Administered IV | Administered IV | Administered IV | Administered IV | Administered IV
NCT06825624,ARTEMIS-102: HS-20093 Combinations in Patients with Advanced Metastatic Colorectal Cancer,HS-20093; Bevacizumab; 5-FU; Leucovorin; Capecitabine; Oxaliplatin,administered as an IV infusion | administered as an IV infusion | administered as an IV infusion | administered as an IV infusion | administered orally | administered as an IV infusion
NCT05104866,"A Phase-3, Open-Label, Randomized Study of Dato-DXd Versus Investigator's Choice of Chemotherapy (ICC) in Participants With Inoperable or Metastatic HR-Positive, HER2-Negative Breast Cancer Who Have Been Treated With One or Two Prior Lines of Systemic Chemotherapy (TROPION-Breast01)",Dato-DXd; Capecitabine; Gemcitabine; Eribulin; Vinorelbine,Experimental drug. Provided in 100mg vials. IV infusion. | Tablet. Oral route of administration. Active comparator | IV Infusion. Active comparator | IV Infusion. Active comparator | IV Infusion. Active comparator
NCT07111520,A Clinical Trial to Test if an Investigational Combination Therapy With BNT326 and BNT327 is Safe and Potentially Beneficial for People With Advanced Non-small Cell Lung Cancer (NSCLC),BNT326; BNT327; Pembrolizumab; SoC,"intravenous (IV) infusion | IV infusion | IV infusion | IV infusion. Combination chemotherapy (pemetrexed, paclitaxel, or carboplatin). Chemotherapy will be selected according to the indication."
NCT04205630,"SYD985 in Patients With HER2-expressing Recurrent, Advanced or Metastatic Endometrial Carcinoma",SYD985,SYD985 powder for concentrate for solution for infusion
NCT06107686,A Study of YL202 in Selected Patients With Advanced Solid Tumors,YL202 should be intravenously infused,"For each patient, YL202 should be intravenously infused over 60±10 min."
NCT02614560,A Study of Vadastuximab Talirine Given Prior to or After Allogeneic Hematopoietic Stem Cell Transplant in AML Patients,Fludarabine; Melphalan; vadastuximab talirine; vadastuximab talirine,"30 mg/m2/day intravenously, 5 to 2 days before the transplant (total dose of 120 mg/m2) | Melphalan 140 mg/m2 intravenously, 2 days before the transplant | Pre-allo (before stem cell transplant) given 14 days before the stem cell transplant | Post-allo (after stem cell transplant) given on Day 1 of each cycle"
NCT06317662,Testing the Addition of the Anti-cancer Drug Venetoclax and/or the Anti-cancer Immunotherapy Blinatumomab to the Usual Chemotherapy Treatment for Infants With Newly Diagnosed KMT2A-rearranged or KMT2A-non-rearranged Leukemia,Asparaginase Erwinia chrysanthemi; Biospecimen Collection; Blinatumomab; Bone Marrow Aspiration; Calaspargase Pegol; Computed Tomography; Cyclophosphamide; Cytarabine; Daunorubicin; Dexamethasone; Doxorubicin; Echocardiography Test; FDG-Positron Emission Tomography; Leucovorin; Levoleucovorin; Lumbar Puncture; Magnetic Resonance Imaging; Mercaptopurine; Methotrexate; Methylprednisolone; Multigated Acquisition Scan; Prednisolone; Prednisone; Therapeutic Hydrocortisone; Thioguanine; Venetoclax; Vincristine,Given recombinant crisantaspase IM or crisantaspase IM or IV | Undergo collection of blood samples | Given IV | Undergo bone marrow aspiration | Given IV | Undergo CT | Given IV | Given IT or IV | Given IV | Given PO or NG or IV | Given IV | Undergo ECHO | Undergo FDG-PET | Given PO or NG or IV | Given IV | Undergo lumbar puncture | Undergo MRI | Given PO or NG | Given IT or IV or PO or NG | Given IV | Undergo MUGA | Given PO or NG | Given PO or NG | Given IT | Given PO or NG | Given PO or NG | Given IV
NCT02341625,A Study of BMS-986148 in Patients With Select Advanced Solid Tumors,BMS-986148; Nivolumab, | 
NCT03455556,Anetumab Ravtansine and Atezolizumab in Treating Participants With Advanced Non-small Cell Lung Cancer,Anetumab Ravtansine; Atezolizumab; Laboratory Biomarker Analysis,Given IV | Given IV | Correlative studies
NCT07301229,A Phase II Clinical Study to Evaluate HLX43 in Subjects With Advanced Pancreatic Cancer,HLX43 DOSE 1 (2.5 mg/kg); HLX43 DOSE 2 (3.0 mg/kg),"HLX43 is an anti-PD-L1 monoclonal antibody conjugated with a novel high potency DNA topoisomerase I (topo I) inhibitor, with a drug-antibody-ratio (DAR) of 8. | HLX43 is an anti-PD-L1 monoclonal antibody conjugated with a novel high potency DNA topoisomerase I (topo I) inhibitor, with a drug-antibody-ratio (DAR) of 8."
NCT07292402,JSKN022 in Subjects With Advanced Malignant Solid Tumors,JSKN022,JSKN022 administered intravenously at selected dose levels according to protocol
NCT06039202,Phase 2 Study of CA102N Combined With TAS-102 Compared to Bevacizumab Combined With TAS-102 in Subjects With Relapsed and/or Refractory Metastatic Colorectal Cancer,CA102N; TAS-102; Bevacizumab,"CA102N is a covalently bound conjugate of the biological polymer sodium hyaluronate (NaHA) and nimesulide (Nim) | TAS-102 is a cytotoxic combination treatment of 2 drugs: trifluridine, a thymidine-based nucleoside analogue, and tipiracil an inhibitor of thymidine phosphorylase. | Bevacizumab recombinant humanized monoclonal antibody that binds and neutralizes circulating vascular endothelial growth factor (VEGF)-A."
NCT01470456,Combination of SAR3419 and Rituximab in Relapsed/Refractory Diffuse Large B-Cell Lymphoma,SAR3419; rituximab,Pharmaceutical form:solution for infusion Route of administration: Intravenous | Pharmaceutical form:solution for infusion Route of administration: intravenous
NCT02529553,A Study of LY3076226 in Participants With Advanced or Metastatic Cancer,LY3076226,Administered IV
NCT06188559,A Study of BB-1701 in Previously Treated Participants With Human Epidermal Growth Factor Receptor 2 (HER2)-Positive or HER2-low Unresectable or Metastatic Breast Cancer,BB-1701,"BB-1701 will be administered as an intravenous infusion, every 3 weeks (21-day cycle)."
NCT07380386,SKB105 for Injection in Advanced Solid Tumors,SKB105 for injection Monotherapy,"SKB105 for injection monotherapy, iv drip, every 3 weeks (Q3W), until radiographic disease progression (PD), intolerable toxicity, death, or discontinuation of treatment, whichever occurs first."
NCT04786847,"177Lu-DOTA-TLX591 Safety, Biodistribution and Dosimetry Study",177Lu-DOTA-TLX591,"TLX591, a monoclonal antibody HuX591 conjugated with a DOTA chelator and radiolabelled with 177Lu (177Lu-TLX591)"
NCT05155839,Safety and Preliminary Efficacy Study of MRG001 in Patients With Non-Hodgkin Lymphoma (NHL),MRG001,Administrated intravenously
NCT06839066,A Phase II Study to Evaluate HLX43 in Subjects With Recurrent/Metastatic Nasopharyngeal Carcinoma Failed or Intolerance to Second-line Therapy,HLX43 DOSE 1; HLX43 DOSE 2; HLX43 DOSE 3,"HLX43 is an anti-PD-L1 monoclonal antibody conjugated with a novel high potency DNA topoisomerase I (topo I) inhibitor, with a drug-antibody-ratio (DAR) of 8. | HLX43 is an anti-PD-L1 monoclonal antibody conjugated with a novel high potency DNA topoisomerase I (topo I) inhibitor, with a drug-antibody-ratio (DAR) of 8. | HLX43 is an anti-PD-L1 monoclonal antibody conjugated with a novel high potency DNA topoisomerase I (topo I) inhibitor, with a drug-antibody-ratio (DAR) of 8."
NCT05872295,IKS014 in Advanced Solid Tumors That Express HER2,IKS014,IKS014 is a human monoclonal antibody (Ab) targeting HER2 linked to monomethyl auristatin F (MMAF) cytotoxic agent.
NCT07549412,A Study of Precemtabart Tocentecan With or Without Bevacizumab Compared to Trifluridine/Tipiracil Plus Bevacizumab in Participants With Previously Treated Metastatic Colorectal Cancer (PROCEADE-CRC-03),Precemtabart tocentecan; Bevacizumab; Trifluridine/Tipiracil (FTD-TPI),"Precem-TcT, administered, once every 3 weeks intravenously, on Day 1 of each 21-day cycle. | Bevacizumab, administered intravenously every 3 weeks on Day 1 of each 21-day cycle or every 2 weeks on Day 1 and Day 15 of each 28-day cycle. | FTD-TPI, tablet, administered orally twice daily, on Days 1 to 5 and Days 8 to 12 of each 28-day cycle."
NCT06555744,A Study of ZW191 in Participants With Solid Tumors,ZW191,Administered intravenously
NCT06336707,HS-20089 Combination Treatment in Subjects With Advanced Solid Tumors,HS-20089; Adebrelimab; Bevacizumab; Cisplatin / carboplatin,Intravenous infusion | Intravenous infusion | Intravenous infusion | Intravenous infusion
NCT02216890,Safety Study of SGN-CD70A in Cancer Patients,SGN-CD70A,Given intravenously every 3 weeks (or an alternate dosing schedule up to every 6 weeks)
NCT01902329,A Safety Study of SGN-CD33A in AML Patients,HMA; SGN-CD33A,azacitidine 75 mg/m2 for 7 days or decitabine 20mg/m2 for 5 days | Given intravenously on Day 1 or Days 1 and 4 every 3 weeks (SGN-CD33A Monotherapy) or given intravenously on the final HMA dosing day every 4 weeks (SGN-CD33A+HMA)
NCT06014190,HS-20089 in Patients With Ovarian Cancer and Endometrial Cancer,HS-20089,All patients will receive intravenous HS-20089 once every three weeks (Q3W) until experiencing objective disease progression (except for study drug treatment beyond progression) or meeting other protocol-specified criteria of study treatment discontinuation.
NCT07269782,A Phase II Study to Evaluate the Efficacy and Safety of HLX43 + Serplulimab as Neoadjuvant Therapy in Subjects With NSCLC,HLX43 DOSE 1; HLX43 DOSE 2; Serplulimab,"HLX43 is an anti-PD-L1 monoclonal antibody conjugated with a novel high potency DNA topoisomerase I (topo I) inhibitor, with a drug-antibody-ratio (DAR) of 8. | HLX43 is an anti-PD-L1 monoclonal antibody conjugated with a novel high potency DNA topoisomerase I (topo I) inhibitor, with a drug-antibody-ratio (DAR) of 8. | Serplulimab Injection, Recombinant humanized anti PD 1 monoclonal antibody"
NCT06980519,MNPR-101-PCTA-177Lu Expanded Access Program (EAP) for Patients With Solid Tumor Cancer,MNPR-101-PCTA-177Lu,MNPR-101-PCTA-177Lu is a monoclonal antibody-radionuclide conjugate intended to target and deliver radioactivity to solid tumors expressing uPAR.
NCT07269899,A Phase I Study of WTX212A Monotherapy or in Combination With Radiotherapy in Patients With Advanced Solid Tumors,WTX212A injection; radiotherapy,"Erythrocyte-αPD-1 Antibody Conjugates | Radiotherapy will be administered sequentially, with WTX212A treatment starting within one week after the completion of radiotherapy"
NCT04843709,A Study of MRG004A in Patients With Tissue Factor Positive Advanced or Metastatic Solid Tumors,MRG004A,Administrated intravenously
NCT03510208,Panitumumab-IRDye800 in Diagnosing Participants With Malignant Glioma Undergoing Surgery,Near-Infrared Fluorescence Imaging; Panitumumab; Panitumumab-IRDye800; POINPOINT-IR9000,"Undergo NIR imaging | Given IV | Given IV | Intraoperative camera capable of exciting and detecting near infrared (NIR) dyes. Imaging will be performed on subjects during surgery and/or on ex-vivo resected tissues in the surgery suite (""back table"")."
NCT03149549,PROCLAIM-CX-2009: A Trial to Find Safe and Active Doses of an Investigational Drug CX-2009 for Patients With Selected Solid Tumors,CX-2009,CX-2009 Monotherapy
NCT02326584,A Safety Study of SGN-CD33A in Combination With Standard-of-care in Patients With AML,Standard dose cytarabine for induction; SGN-CD33A; Daunorubicin; High dose cytarabine for consolidation,"100 mg/m2/day Days 1-7 | Given intravenously Day 1 or Days 1 and 4 of each cycle | 60 mg/m2/day Days 1-3 | 3g/m2 on Days 1, 3, and 5 of each cycle"
NCT06132958,Sacituzumab Tirumotecan (MK-2870) in Post Platinum and Post Immunotherapy Endometrial Cancer (MK-2870-005),Sacituzumab tirumotecan; Doxorubicin; Paclitaxel; Nab-paclitaxel; Rescue medications,"4 mg/kg of sacituzumab tirumotecan by IV infusion | 60 mg/m\^2 of doxorubicin by IV Infusion | 80 mg/m\^2 of paclitaxel by IV infusion | 100 mg/m\^2 of nab-paclitaxel by IV infusion | Participants will receive the following rescue medications per approved product label before sacituzumab tirumotecan infusion: Histamine-1 (H1) receptor antagonist, histamine-2 (H2) receptor antagonist, acetaminophen or equivalent, dexamethasone or equivalent, and steroid mouthwash (dexamethasone or equivalent)."
NCT06224855,A Study of DXC006 in Patients With Advanced Solid Tumors and Hematologic Malignancies,DXC006,"Dose escalation period: DXC006 is administered intravenously every two weeks (Q2W) at the dose corresponding to the enrolled dose cohort.

Dose expansion period: DXC006 is administered intravenously Q2W at the corresponding dose."
NCT06161025,"A Study of Raludotatug Deruxtecan (R-DXd) in Subjects With Platinum-resistant, High-grade Ovarian, Primary Peritoneal, or Fallopian Tube Cancer",R-DXd; Paclitaxel; Topotecan; PLD,R-DXd will be administered as an intravenously (IV) infusion | Paclitaxel will be administered as an IV infusion | Topotecan will be administered as an IV infusion | PLD will be administered as an IV infusion
NCT06619236,Study to Assess the Efficacy of Rina-S Compared to Treatment of Investigator's Choice in Participants With Platinum Resistant Ovarian Cancer,Rina-S; Paclitaxel; Topotecan; Pegylated liposomal doxorubicin (PLD); Gemcitabine,Intravenous (IV) infusion | IV infusion | IV infusion | IV infusion | IV infusion
NCT07584044,A Pan-Cancer Retrospective Study on the Relationship Between Tumor Microenvironment Composition and Efficacy of Antibody-Based Antitumor Therapy,,
NCT07046923,A Study of LY4175408 in Participants With Advanced Cancer,LY4175408; Pembrolizumab; Carboplatin; Cisplatin,IV infusion | IV infusion | IV infusion | IV infusion
NCT02785900,Vadastuximab Talirine (SGN-CD33A; 33A) Combined With Azacitidine or Decitabine in Older Patients With Newly Diagnosed Acute Myeloid Leukemia,33A; placebo; azacitidine; decitabine,"33A, 10 mcg/kg, every 4 weeks via intravenous (IV) push | Volume equivalent to 10 mcg/kg, every 4 weeks via IV push | 75 mg/m2 given subcutaneously (SC) or IV x 7 days, every 4 weeks | 20 mg/m2 given IV x 5 days, every 4 weeks"
NCT04189614,"An Efficacy and Safety Study of Cofetuzumab Pelidotin in Participants With PTK7-Expressing, Recurrent Non-Small Cell Lung Cancer",Cofetuzumab Pelidotin,Intravenous (IV) infusion
NCT05405621,"Assess Safety, Tolerability, Pharmacokinetics, and Preliminary Efficacy of BAT8009",BAT8009 for Injection,"BAT8009 will be administered as a 90-minute (± 5min) IV infusion on Day 1 of Cycle 1. If there is no infusion related reaction after initial dose, the next dose of BAT8009 will be infused intravenously into each patient for approximately 30\~120 minutes."
NCT07455045,A Phase I Study of FZ-AD005 in Patients With High-Grade Glioma (HGG),FZ-AD005,"Every 21 days for 1 cycle. Subjects will receive an intravenous infusion of FZ-AD005 until confirmed progression, unaccepted toxicity, or any criterion for withdrawal from the study."
NCT07181681,A First-in-Human Study of BG-C0902 Alone and in Combination With Other Therapeutic Agents in Patients With Advanced Solid Tumors,BG-C0902,Administered by intravenous infusion
NCT06752681,"To Evaluate the Safety, Tolerability, Pharmacokinetics and Antitumor Activity of DAY301 in Participants With Locally Advanced or Metastatic Solid Tumors",DAY301,DAY301 will be administered as IV infusion
NCT07181161,Study of AZD0516 as Monotherapy and in Combination in Participants With Metastatic Prostate Cancer,AZD0516; AZD9574,AZD0516 will be administered via intravenous infusion. | AZD9574 will be administered orally.
NCT03023722,Phase II Anetumab Ravtansine in Pre-treated Mesothelin-expressing Pancreatic Cancer,anetumab ravtansine,Patients will receive anetumab ravtansine IV infusion at a dose of 6.5 mg/kg (recommended Phase II dose) on Day 1 of a 21-day cycle
NCT05399654,A Dose Escalation and Expansion Study of TAC-001 in Patients With Select Advanced or Metastatic Solid Tumors,TAC-001,TAC-001 is a Toll-like Receptor Agonist Antibody Conjugate (TRAAC)
NCT06475443,Efficacy of Pyrotinib Plus Capecitabine in HER2-positive MBC With Active Brain Metastases That Have Failed ADCs,pyrotinib plus capecitabine,oral
NCT07529808,Phase 1/2 Study of BHB810 in Advanced Gastric and GEJ Adenocarcinoma,BHB810,Every 2 weeks IV administration
NCT07466303,Serplulimab Combined With Trastuzumab Rezetecan as Neoadjuvant Therapy for Triple-Negative Breast Cancer,Serplulimab; SHR-A1811,"Administered intravenously at a protocol-specified dose, once every 3 weeks (Q3W), for a total of 6 cycles in the neoadjuvant setting. | Administered intravenously at a protocol-specified dose, once every 3 weeks (Q3W), for a total of 6 cycles in the neoadjuvant setting."
NCT07545356,A Study of KIVU-305 in Participants With Locally Advanced or Metastatic Solid Tumors,KIVU-305,KIVU-305 will be administered IV .
NCT01472887,SAR3419 as Single Agent in Relapsed-Refractory Diffuse Large B-Cell Lymphoma (DLBCL) Patients,SAR3419,"Pharmaceutical form:concentrate for solution for infusion

Route of administration: intravenous"
NCT04940325,"Datopotamab Deruxtecan (Dato-DXd, DS-1062a) in Advanced and/or Unresectable Non-Small Cell Lung Cancer",DS-1062a,First infusion for 90 minutes and then infusion duration can be decreased to 30 minutes if participant didn't experience infusion related reactions (IRR)
NCT04276415,DS-6157a in Participants With Advanced Gastrointestinal Stromal Tumor (GIST),DS-6157a,Administered as a single agent intravenously (IV) every 3 weeks
NCT03543813,PROCLAIM-CX-2029: A Trial to Find Safe and Active Doses of an Investigational Drug CX-2029 for Patients With Solid Tumors or DLBCL,CX-2029,CX-2029 Monotherapy
NCT06747585,A Study to Investigate ALE.P02 as Monotherapy in Adult Patients With Selected CLDN1+ Solid Tumors,ALE.P02,"ALE.P02, will be administered by IV infusion according to the assigned arms."
NCT06112704,HS-20093 in Patients with Advanced Esophageal Carcinoma and Other Advanced Solid Tumors,HS-20093,Intravenous (IV) infusion of HS-20093 Q3W; Participants will receive continuous treatment until the end of the study in the absence of unacceptable toxicities and confirmed disease progression.
NCT06233942,Phase 1a/1b First-in-Human Study of BG-C9074 Alone and in Combination With Other Anticancer Therapies in Patients With Advanced Solid Tumors,BG-C9074; Tislelizumab; Bevacizumab,administered by intravenous infusion | administered by intravenous infusion | administered by intravenous infusion
NCT07186842,A Clinical Trial to Test if the Investigational Drug BNT329 is Safe and Potentially Beneficial for People With Advanced Solid Tumors Known to Express the Tumor Marker CA19-9,BNT329; CA19-9-targeting monoclonal antibody,Intravenous (IV) infusion | Monoclonal antibody
NCT07227168,A Study of STRO-004 in Adults With Refractory/Recurrent Metastatic Cancer,STRO-004; Pembrolizumab,IV Infusion | IV Infusion
NCT01786096,A Safety Study of SGN-CD19A for Leukemia and Lymphoma,SGN-CD19A,SGN-CD19A (IV) once (Day 1) or twice (Days 1 and 8) every 21 days; dose range: 0.3-6 mg/kg
NCT07487519,"Phase II Study of HLX43 Monotherapy or Combined With Immune Checkpoint Inhibitors in Patients With Locally Advanced, Recurrent, or Metastatic Triple-negative Breast Cancer.",HLX43 DOSE 1 IN ≥2L TNBC; HLX43 DOSE 2 IN ≥2L TNBC; HLX43 DOSE 1 + HLX10; HLX43 DOSE1 IN 1L TNBC; HLX43 DOSE 2 IN 1L TNBC; HLX43 DOSE2 + HLX10,"Dose 1; HLX43 is an anti-PD-L1 monoclonal antibody conjugated with a novel high potency DNA topoisomerase I (topo I) inhibitor, with a drug-antibody-ratio (DAR) of 8. | Dose 2; HLX43 is an anti-PD-L1 monoclonal antibody conjugated with a novel high potency DNA topoisomerase I (topo I) inhibitor, with a drug-antibody-ratio (DAR) of 8. | HLX43 is an anti-PD-L1 monoclonal antibody conjugated with a novel high potency DNA topoisomerase I (topo I) inhibitor, with a drug-antibody-ratio (DAR) of 8. HLX10 is a humanized anti-PD-1 monoclonal antibody that functions as an immune checkpoint inhibitor. | HLX43 is an anti-PD-L1 monoclonal antibody conjugated with a novel high potency DNA topoisomerase I (topo I) inhibitor, with a drug-antibody-ratio (DAR) of 8. | HLX43 is an anti-PD-L1 monoclonal antibody conjugated with a novel high potency DNA topoisomerase I (topo I) inhibitor, with a drug-antibody-ratio (DAR) of 8. | HLX43 is an anti-PD-L1 monoclonal antibody conjugated with a novel high potency DNA topoisomerase I (topo I) inhibitor, with a drug-antibody-ratio (DAR) of 8. HLX10 is a humanized anti-PD-1 monoclonal antibody that functions as an immune checkpoint inhibitor."
NCT03260491,U3-1402 in Metastatic or Unresectable Non-Small Cell Lung Cancer,HER3-DXd (FL-DP); HER3-DXd (CTM-1 Lyo-DP); HER3-DXd (CTM-3 Lyo-DP),"HER3-DXd (frozen liquid drug product) consists of an antibody component (patritumab, U3-1287) covalently conjugated to a drug-linker (MAAA-1162a) containing a drug component (MAAA-1181a). | HER3-DXd (lyophilized drug product) consists of an antibody component (patritumab, U3-1287) covalently conjugated to a drug-linker (MAAA-1162a) containing a drug component (MAAA-1181a) that was manufactured by the clinical manufacturing sites. | HER3-DXd (lyophilized drug product) consists of an antibody component (patritumab, U3-1287) covalently conjugated to a drug-linker (MAAA-1162a) containing a drug component (MAAA-1181a) that was manufactured by the commercial manufacturing sites."
NCT07229313,A Study of KIVU-107 in Participants With Locally Advanced or Metastatic Solid Tumors,KIVU-107,KIVU-107 will be administered IV.
NCT07205718,A Study of TAK-188 in Adults With Advanced or Spreading Solid Tumors,TAK-188,TAK-188 IV infusion
NCT02485119,Phase I Dose Escalation Study of BAY94-9343 Given by Intravenous Infusion Every 3 Weeks in Japanese Subjects With Advanced Malignancies,BAY94-9343,Cohort 1: 4.5 mg/kg of BAY 94-9343 at Q3W dose regimen. Cohort 2: 6.5 mg/kg of BAY 94-9343 at Q3W dose regimen.
NCT01270698,Study of IMMU-130 in Patients With Relapsed/Refractory Colorectal Cancer,IMMU-130,IMMU-130 will be administered intravenously every 2 weeks for up to 6 months or longer.
NCT06433609,Study of ADCs Combined With Adebrelimab in HER2-negative Advanced Breast Cancer,SHR-A1811; SHR-A1921; Adebrelimab,Via intravenous infusion | Via intravenous infusion | Via intravenous infusion
NCT03957915,Study of Escalating Doses of INA03 Administered Intravenously as Single Agent in Adult Patients With Relapse/Refractory Acute Leukemia,INA03 administration,"INA03 will be administered IV on Day 1, Day 14 of 28-day cycles. The administration of INA03 will begin at 0.02 mg/kg. Study Part I is a titration study to determine the dose for the first INA03 infusion. Patients will be enrolled in sequential cohorts of 2 patients to receive ascending starting doses of INA03, starting from the lowest starting dose (0.02 mg/kg), and followed by subsequent administrations of INA03 (D14 and beyond) at a fixed dose of 0.1 mg/kg. The starting dose will be increased every cohort of 2 patients until evidence of absence of marrow residual erythroblasts by D14 myelogram. This dose is referred to as the MEID and will be selected as the D1 dose for the study Part 2. Patient accumulation in Part I of the study will continue until no evidence of non-hematological DLT within 28 days post dosing"
NCT02419469,Augmented Berlin-Frankfurt-Munster Therapy Plus Ofatumumab for Young Adults With Acute Lymphoblastic Leukemia or Lymphoblastic Lymphoma,Cytarabine; Daunorubicin; Vincristine; Prednisone; PEG asparaginase; Ofatumumab; Rituximab; Methotrexate; Cyclophosphamide; Mercaptopurine; Doxorubicin; Dexamethasone acetate; Thioguanine,"Participants initially receive intrathecal treatment using Cytarabine 100 mg on Day 1. Induction chemotherapy must begin within 3 days of the intrathecal Cytarabine dose.

Consolidation Therapy 1: Cytarabine 75 mg/m2 subcutaneously Days 1 - 4 and 8 - 11.

Consolidation Therapy 3B: Cytarabine 75 mg/m2 subcutaneously Days 1 - 4 and Days 8 - 11. | Induction Therapy: Daunorubicin 25 mg/m2 by vein weekly for 4 doses. | Induction Therapy: Vincristine 1.5 mg/m2 by vein weekly for 4 doses.

Consolidation Therapy 1: Vincristine 1.5 mg/m2 by vein Week 3 and Week 4.

Consolidation Therapy 2: Vincristine 1.5 mg/m2 by vein every 10 days for 5 doses.

Consolidation Therapy 3A: Vincristine 1.5 mg/m2 by vein weekly for 3 doses.

Consolidation Therapy 3B: Vincristine 1.5 mg/m2 by vein Weeks 3 and 4.

Maintenance Therapy (24 months): Vincristine 1.5 mg/m2 by vein every 28 days. | Induction Therapy: Prednisone 60 mg/m2/day by mouth for 28 days. | Induction Therapy: PEG asparaginase 2000 IU/m2 by vein on Day 4 of induction.

Consolidation Therapy 1: PEG-asparaginase 2000 IU/m2 by vein Week 3 and Week 7.

Consolidation Therapy 2: PEG-asparaginase 2000 IU/m2 by vein Weeks 1 and 4.

Consolidation Therapy 3A: PEG-asparaginase 2000 IU/m2 by vein in Week 1.

Consolidation Therapy 3B: PEG-asparaginase 2000 IU/m2 by vein Week 3. | Induction Therapy: Ofatumumab 300 mg by injection or vein on Day 2 and Ofatumumab 2000 mg by injection or vein on Day 15.

Consolidation Therapy 1: Ofatumumab 2000 mg by injection or vein Week 1 and Week 5.

Consolidation Therapy 2: Ofatumumab 2000 mg by injection or vein Week 1 and Week 5.

Consolidation Therapy 3A: Ofatumumab 2000 mg by injection or vein Week 1 and Week 3. | Induction Therapy: If Ofatumumab not available, Rituximab 375 mg/m2 by vein on Day 1 and on Day 15.

Consolidation Therapy 1: If Ofatumumab not available, Rituximab 375 mg/m2 by vein Week 1 and Week 5.

Consolidation Therapy 2: If Ofatumumab not available, Rituximab 375 mg/m2 by vein Week 1 and Week 5.

Consolidation Therapy 3A: If Ofatumumab not available, Rituximab 375 mg/m2 by vein Week 1 and Week 3. | Induction Therapy: Intrathecal methotrexate 12 mg on Day 8 and Day 29.

Consolidation Therapy 1: Intrathecal methotrexate 12 mg Weekly, Weeks 1 - 4.

Consolidation Therapy 2: Methotrexate by vein every 10 days starting at 100 mg/m2 and increasing by 50 mg/m2 as tolerated. and Intrathecal methotrexate 12 mg Week 1.

Consolidation Therapy 3A: Intrathecal methotrexate 12 mg in Week 1.

Consolidation Therapy 3B: Intrathecal methotrexate 12 mg Week 1 and 2.

Maintenance Therapy (24 months): Methotrexate 20 mg/m2 by mouth weekly, hold on days of intrathecal methotrexate.

Maintenance Therapy (24 months): Intrathecal methotrexate 12 mg every 3 months for 4 doses. | Consolidation Therapy 1: Cyclophosphamide 1 gram/m2 by vein Week 1 and Week 5.

Consolidation Therapy 3B: Cyclophosphamide 1 gram/m2 by vein Week 1. | Consolidation Therapy 1: Mercaptopurine 60 mg/m2/day by mouth Days 1 - 14.

Maintenance Therapy (24 months): Mercaptopurine 75 mg/m2 by mouth nightly. | Consolidation Therapy 3A: Doxorubicin 25 mg/m2 by vein weekly for 3 doses. | Consolidation Therapy 3A: Dexamethasone 10 mg/m2 by mouth on Days 1 - 7 and Days 15 - 21.

Maintenance Therapy (24 months): Dexamethasone 6 mg/m2/day by mouth Days 1 - 5 every 28 days. | Consolidation Therapy 3B: Thioguanine 60 mg/m2/day by mouth for 14 days."
NCT06563804,"A Study to Evaluate S227928 as a Single Agent and in Combination With Venetoclax in Patients With R/R AML, MDS/AML, or CMML",S227928; Venetoclax,For administration via intravenous (IV) infusion | For oral administration
NCT05425550,Evaluation of the Medidux™ Digital Health Application in Patients With HER2-positive Breast Cancer.,medidux™ app,Use of the regular medidux™ application for 12 (maximum 16) weeks
NCT02161679,Phase II Study of IMMU-132 Alone or in Combination With Carboplatin in Patients With Triple-Negative Breast Cancer,IMMU-132 infusion is administered to participants in one arm for the study; IMMU-132 plus Carboplatin infusion, | 
NCT06857279,A Phase II Clinical Study to Evaluate HLX43 in Subjects With Recurrent or Metastatic Head and Neck Squamous Cell Carcinoma,HLX43 DOSE 1; HLX43 DOSE 2; HLX43 DOSE 3; HLX43 DOSE 2 + HLX10; HLX43 DOSE 3 + HLX10; HLX43 DOSE 2 + HLX10 + HLX07; HLX43 DOSE 3 + HLX10 + HLX07,"Dose 1; HLX43 is an anti-PD-L1 monoclonal antibody conjugated with a novel high potency DNA topoisomerase I (topo I) inhibitor, with a drug-antibody-ratio (DAR) of 8. | Dose 2; HLX43 is an anti-PD-L1 monoclonal antibody conjugated with a novel high potency DNA topoisomerase I (topo I) inhibitor, with a drug-antibody-ratio (DAR) of 8. | Dose 3; HLX43 is an anti-PD-L1 monoclonal antibody conjugated with a novel high potency DNA topoisomerase I (topo I) inhibitor, with a drug-antibody-ratio (DAR) of 8. | HLX43 is an anti-PD-L1 monoclonal antibody conjugated with a novel high potency DNA topoisomerase I (topo I) inhibitor, with a drug-antibody-ratio (DAR) of 8.

HLX10 is a humanized anti-PD-1 monoclonal antibody that functions as an immune checkpoint inhibitor | HLX43 is an anti-PD-L1 monoclonal antibody conjugated with a novel high potency DNA topoisomerase I (topo I) inhibitor, with a drug-antibody-ratio (DAR) of 8.

HLX10 is a humanized anti-PD-1 monoclonal antibody that functions as an immune checkpoint inhibitor. | HLX43 is an anti-PD-L1 monoclonal antibody conjugated with a novel high potency DNA topoisomerase I (topo I) inhibitor, with a drug-antibody-ratio (DAR) of 8.

HLX10 is a humanized anti-PD-1 monoclonal antibody that functions as an immune checkpoint inhibitor.

HLX07 is a recombinant humanized anti-EGFR monoclonal antibody. | HLX43 is an anti-PD-L1 monoclonal antibody conjugated with a novel high potency DNA topoisomerase I (topo I) inhibitor, with a drug-antibody-ratio (DAR) of 8.

HLX10 is a humanized anti-PD-1 monoclonal antibody that functions as an immune checkpoint inhibitor.

HLX07 is a recombinant humanized anti-EGFR monoclonal antibody."
NCT07290153,"Psychological State, Immunotherapy Response, and Multi-Omics Signatures in TNBC",,
NCT06359002,"Safety, Pharmacokinetics, and Preliminary Efficacy of BYON4413 in Acute Myeloid Leukemia and Myelodysplastic Neoplasms.",BYON4413,BYON4413 will be administered by IV infusion.
NCT06103864,A Phase III Study of Dato-DXd With or Without Durvalumab Compared With Investigator's Choice of Chemotherapy in Combination With Pembrolizumab in Patients With PD-L1 Positive Locally Recurrent Inoperable or Metastatic Triple-negative Breast Cancer (TROPION-Breast05),Dato-DXd; Durvalumab; Paclitaxel; Nab-paclitaxel; Gemcitabine; Carboplatin; Pembrolizumab,Provided in 100mg vials. IV infusion. Experimental drug. | Provided in 500mg vials. IV infusion. Experimental drug. | IV infusion. Active comparator. | IV infusion. Active comparator. | IV infusion. Active comparator. | IV infusion. Active comparator. | IV infusion. Active comparator.
NCT06973525,This Study Aims to Optimize Neoadjuvant Therapy for HER2-positive Breast Cancer by Implementing a Dynamic Monitoring-guided Treatment Strategy.,"Patients will initially receive trastuzumab, pyrotinib, and albumin-bound paclitaxel. Those who do not achieve a radiological response after Cycle 2 will switch to SHR-A1811 (a HER2-targeted antibody; Patients will initially receive trastuzumab, pyrotinib, and nab-paclitaxel. Those who achieve a partial response (PR) or complete response (CR) after cycle 2 will continue on the same regimen.","Drug: SHR-A1811 Drug: Pertuzumab | Patients will initially receive trastuzumab, pyrotinib, and nab-paclitaxel. Those who achieve a partial response (PR) or complete response (CR) after cycle 2 will continue on the same regimen."
NCT07459738,"A Phase II Study to Evaluate the Efficacy and Safety of HLX43 in Patients With Hormone Receptor Positive, HER2 Negative Locally Advanced or Metastatic Breast Cancer",HLX43,"HLX43 is an anti-PD-L1 monoclonal antibody conjugated with a novel high potency DNA topoisomerase I (topo I) inhibitor, with a drug-antibodyratio (DAR) of 8."
NCT06400485,AMT-676 in Patients With Advanced Solid Tumors,AMT-676,Participants will receive AMT-676 administered intravenously. Participants will be observed for first instance of dose limiting toxicities (DLT).
NCT02848248,A Safety Study of SGN-CD123A in Patients With Acute Myeloid Leukemia,SGN-CD123A,Intravenous infusion in 3-week cycles
NCT01577758,Phase 1 Study of MLN0264 in Adult Patients With Advanced Gastrointestinal Malignancies Expressing Guanylyl Cyclase C,MLN0264,MLN0264 30-minute infusion on Day 1 of each treatment cycle
NCT06590857,"Trial of 225Ac-DOTATATE (RYZ101) in Subjects With ER+, HER2-negative Unresectable or Metastatic Breast Cancer Expressing SSTRs.",RYZ101,Ac-225
NCT07136779,First-in-Human Trial of VBC101 in Participants With Advanced Solid Tumor Malignancies,VBC101,VBC101
NCT02564900,Study of DS-8201a in Subjects With Advanced Solid Malignant Tumors,DS-8201a (DP1); DS-8201a (DP2); DS-8201a (DP),"DS-8201a to be administered via intravenous (IV) dose. DS-8201a (DP1) was used for the Dose Escalation phase and for Dose expansion Parts 2a, 2b, 2c, and 2d. | DS-8201a is to be administered via intravenous (IV) dose. DS-8201a (DP2) was used only used for Dose Expansion Part 2e. | DS-8201a (DP) is to be administered via intravenous (IV) dose."
NCT05329545,Upifitamab Rilsodotin Maintenance in Platinum-Sensitive Recurrent Ovarian Cancer (UP-NEXT),Upifitimab rilsodotin; Placebo,"Upifitimab rilsodotin will be administered once every four weeks until completion, disease progression, unacceptable toxicity, voluntary discontinuation, or death (approximately up to 18 months). | Placebo controlled arm."
NCT05879627,"To Evaluate the Safety, Tolerance and Pharmacokinetics of BAT8007 for Injection in Patients With Advanced Solid Tumors",BAT8007 for injection,"Intravenous infusion: once every three weeks.The infusion time in the first cycle is recommended to be ≥ 90 minutes. If no infusion reaction occurs, the subsequent cycle can be completed within 30\~120 minutes."
NCT07223125,A Study of JNJ-89862175 for Treatment of Advanced Solid Tumors,JNJ-89862175,JNJ-89862175 will be administered.
NCT05577715,A Study of MORAb-202 in Participants With Previously Treated Metastatic Non-Small Cell Lung Cancer (NSCLC) Adenocarcinoma (AC),MORAb-202,Specified dose on specified days
NCT07686588,Sacituzumab Tirumotecan Plus Immunotherapy for Recurrent or Metastatic Head and Neck Squamous Cell Carcinoma,Sacituzumab Tirumotecan Plus Immune Checkpoint Inhibitor,"Participants will receive sacituzumab tirumotecan 5 mg/kg by intravenous infusion once every 2 weeks in combination with an immune checkpoint inhibitor. Treatment will continue until disease progression, unacceptable toxicity, withdrawal of consent, initiation of new anticancer therapy, investigator decision, or other protocol-defined discontinuation criteria."
NCT02221505,Phase 1 Study of LOP628 in Adult Patients With cKit-positive Solid Tumors and Acute Myeloid Leukemia,LOP628,
NCT05914545,A Study of FZ-AD004 in Patients With Advanced Solid Tumors,FZ-AD004,"Dose Escalation：Subjects will receive an intravenous infusion of FZ-AD004 in a dose escalation until confirmed progression, unaccepted toxicity, or any criterion for withdrawal from the study.

Dose Expansion：Subject will receive a single dose of FZ-AD004 at 1-2 dose level on Day1 of each cycles."
NCT07589205,"Study of IBI3028 in Participants With Locally Advanced, Unresectable, or Metastatic Solid Tumors",Drug: IBI3028,Recombinant anti-EGFR（Epidermal growth factor receptor） and c-Met antibodies-dual-payload conjugate for injection
NCT04868344,A Study of MRG003 in Patients With Advanced Solid Tumors,MRG003,Administered intravenously
NCT06384807,A Phase 1/2 Study of BHV-1510 (Previously PBI-410) in Advanced Solid Tumors,BHV-1510; Cemiplimab; BHV-1510; BHV-1510; Cemiplimab,BHV-1510 will be administered on Day 1 every 3 weeks | cemiplimab (350mg) will be administered as an IV infusion on Day 1 every 3 weeks | BHV-1510 will be administered on Day 1 every 2 weeks | BHV-1510 will be administered on Day 1 and Day 8 every 3 weeks | cemiplimab (350mg) will be administered as an IV infusion on Day 1 and Day 8 every 3 weeks
NCT04946370,Phase I/II Trial of Pembrolizumab and Androgen-receptor Inhibitor With or Without 225Ac-J591 for Progressive Metastatic Castration Resistant Prostate Cancer,225Ac-J591; Pembrolizumab; Androgen receptor inhibitor; 68Ga-PSMA-11,"Alpha-emitter Actinium-225 conjugated to the anti-PSMA antibody J591. | Pembrolizumab will be administered intravenously, 400mg every 6 weeks. Patients may receive maximum 18 cycles of therapy, approximately 2 years. | Patients will receive an oral androgen receptor inhibitor (ARI). Examples include enzalutamide, apalutamide, darolutamide. Dosing will be the standard dosing, as described by the package insert. | \[185 ±74 MBq or 5 ±2 mCi\] intravenous during screening and 12 weeks. Imaging agent for PSMA PET/CT."
NCT05579366,"Rinatabart Sesutecan (Rina-S, PRO1184, GEN1184) for Advanced Solid Tumors (GCT1184-01/ PRO1184-001)",Rina-S; Carboplatin; Bevacizumab; Pembrolizumab,Intravenous infusion of Rina-S | Carboplatin intravenous infusion | Bevacizumab intravenous infusion | Pembrolizumab intravenous infusion
NCT05653271,ACE1831 in Adult Subjects With Relapsed/ Refractory CD20-expressing B-cell Malignancies,Cyclophosphamide; Fludarabine; ACE1831; Obinutuzumab,Lymphodepleting agent | Lymphodepleting agent | Allogeneic gamma delta T (gdT) cell therapy | Anti-CD20 monoclonal antibody
NCT00013871,Pneumococcal Vaccine and Routine Pediatric Immunizations in HIV-Infected Children Receiving Anti-HIV Drugs,"Diphtheria & Tetanus Toxoids & Acellular Pertussis Vaccine Adsorbed; Measles-Mumps-Rubella Vaccine (Live); Pneumococcal Vaccine, Polyvalent (23-valent); Pneumococcal Conjugate Vaccine, Heptavalent; Hepatitis B Vaccine (Recombinant)", |  |  |  | 
NCT03682796,Study of TRPH-222 in Patients With Relapsed and/or Refractory B-Cell Lymphoma,TRPH-222,"administered by IV, 21-day Cycle"
